AppID,Name,Release date,Estimated owners,Peak CCU,Required age,Price,DLC count,About the game,Supported languages,Full audio languages,Reviews,Header image,Website,Support url,Support email,Windows,Mac,Linux,Metacritic score,Metacritic url,User score,Positive,Negative,Score rank,Achievements,Recommendations,Notes,Average playtime forever,Average playtime two weeks,Median playtime forever,Median playtime two weeks,Developers,Publishers,Categories,Genres,Tags,Screenshots,Movies
347580,Evolution II: Fighting for Survival,"Feb 12, 2015",0 - 20000,0,0,1.99,0,"Evolution II: Fighting for Survival is a real-time action life simulation game. Conquer a world of randomly generated, evolving species. You and competing species eat plants and other organisms to grow and reproduce. Other species offspring randomly mutate. You can design your offspring with advancing parts. Each part can be moved and sized to achieve the best combination of acceleration, top speed, turning ability, reach and attack strength. After you and your family eliminate all the other species, the next level is reached where your family splits and mutates into rival families. As levels increase, the challenge grows as your family split size shrinks.",['English'],[],,https://cdn.akamai.steamstatic.com/steam/apps/347580/header.jpg?t=1447368470,http://www.evolutionfightingforsurvival.com,http://www.evolutionfightingforsurvival.com,,True,False,False,0,,0,3,22,,0,0,,0,0,0,0,LiveItGames LLC,LiveItGames LLC,Single-player,"Action,Indie,Simulation,Strategy","Simulation,Strategy,Indie,Action","https://cdn.akamai.steamstatic.com/steam/apps/347580/ss_bfe843e454ad1d5c01489b9fa36604ae873dfef3.1920x1080.jpg?t=1447368470,https://cdn.akamai.steamstatic.com/steam/apps/347580/ss_62e851b8422d96c257b9a2ca5b3639db504291df.1920x1080.jpg?t=1447368470,https://cdn.akamai.steamstatic.com/steam/apps/347580/ss_21cbf4be98aa77833c554865e980af19f9e0cde8.1920x1080.jpg?t=1447368470,https://cdn.akamai.steamstatic.com/steam/apps/347580/ss_9eefb1b569c8e0e771ee4ba129422f94a975c052.1920x1080.jpg?t=1447368470,https://cdn.akamai.steamstatic.com/steam/apps/347580/ss_fa6a5a1272fe260aa5c2667b7ddcab74efbb3661.1920x1080.jpg?t=1447368470",http://cdn.akamai.steamstatic.com/steam/apps/2037213/movie_max.mp4?t=1447369201
2186610,Dark City: International Intrigue Collector's Edition,"Oct 28, 2022",0 - 20000,1,0,12.59,0,"Friendly Fox brings you a globe-trotting new chapter in the Dark City series! When mysterious fires break out across New York City, Agatha, the preeminent detective, takes the case only to find that the destructive flames are just the beginning! With rumored sightings of the legendary Phoenix throughout the city, chaos erupting in major cities across the world, and famous magician Harry Houdini as her prime suspect, Agatha certainly has her work cut out for her. Could the master of illusion really be responsible, or is something darker behind the devastation? There's only one way to find out! Prepare yourself for a heart-pounding tale of intrigue in this sensational new Hidden-Object Puzzle Adventure game! This is a special Collector's Edition release full of exclusive extras you won’t find in the standard version. The Collector’s Edition includes: • Enjoy exclusive music, movies, wallpapers, concept art, and screen savers! • Discover who stole Maharaj's cursed jewels in the bonus chapter! • Never get lost with the comprehensive strategy guide! • Tons of collectables and morphing objects to find in each scene! • Replay your favorite HOPs and mini-games to earn achievements!",['English'],['English'],,https://cdn.akamai.steamstatic.com/steam/apps/2186610/header.jpg?t=1666971767,,https://bigfishgames.zendesk.com/hc/en-us/,support@bigfishgames.zendesk.com,True,False,False,0,,0,0,0,,0,0,,0,0,0,0,Friendly Fox,Big Fish Games,Single-player,"Adventure,Casual",,"https://cdn.akamai.steamstatic.com/steam/apps/2186610/ss_b43922bf8232236fad44ef28448d0ea32600e2f9.1920x1080.jpg?t=1666971767,https://cdn.akamai.steamstatic.com/steam/apps/2186610/ss_7f2eb0592a94fd086706be30898cd9fa835c7fb5.1920x1080.jpg?t=1666971767,https://cdn.akamai.steamstatic.com/steam/apps/2186610/ss_61690005899499f2e3c5b2a65ee5a6d9ccc0767c.1920x1080.jpg?t=1666971767,https://cdn.akamai.steamstatic.com/steam/apps/2186610/ss_38f1ee73416cdfc7e9b03224df8b0128caa0f976.1920x1080.jpg?t=1666971767,https://cdn.akamai.steamstatic.com/steam/apps/2186610/ss_340a283c1d57b25bf36e4a728a89e615a5066076.1920x1080.jpg?t=1666971767,https://cdn.akamai.steamstatic.com/steam/apps/2186610/ss_9837087c5e36288b0befde106980b672cf06b523.1920x1080.jpg?t=1666971767,https://cdn.akamai.steamstatic.com/steam/apps/2186610/ss_6b4ddfd24590bfcb81ee51646c4ce175ba6d2abe.1920x1080.jpg?t=1666971767,https://cdn.akamai.steamstatic.com/steam/apps/2186610/ss_525bc9a479ca748d6a412b50bc39d44c4c6b220a.1920x1080.jpg?t=1666971767,https://cdn.akamai.steamstatic.com/steam/apps/2186610/ss_2513245014fc6d4ce4e9b644b07d9479c78b7dec.1920x1080.jpg?t=1666971767",http://cdn.akamai.steamstatic.com/steam/apps/256912782/movie_max.mp4?t=1666971757
32310,Indiana Jones® and the Last Crusade™,"Jul 8, 2009",20000 - 50000,2,0,5.99,0,"Europe, 1938: The lost Ark was just a warm-up! Now Adolf Hitler is after the most powerful talisman of all - the Holy Grail. A few brave men stand in his way. Fortunately, one of them is Indiana Jones, and this time he has his dad with him. The bad guys are in your face all the way – mercenaries, traitors and spies. Not to mention everything the Luftwaffe can throw at you.... Can you handle the heat? If you can, you just might earn a higher I.Q. (Indy Quotient) than the man with the whip and the hat. Visit dozens of locations you never saw in the movie! No typing to slow you down…. Just point 'n'click! Outstanding high resolution 3d graphics. Over 100 sound effects…. Plus movie theme music.",['English'],[],,https://cdn.akamai.steamstatic.com/steam/apps/32310/header.jpg?t=1571778024,http://www.lucasarts.com/,,,True,True,False,0,,0,198,56,,0,221,,37,0,24,0,LucasArts,"LucasArts,Lucasfilm,Disney",Single-player,Adventure,"Adventure,Point & Click,Classic,Pixel Graphics","https://cdn.akamai.steamstatic.com/steam/apps/32310/ss_3bfb5c0ac127acc0b7435561772243ea1f8823c6.1920x1080.jpg?t=1571778024,https://cdn.akamai.steamstatic.com/steam/apps/32310/ss_27b7bfcc33b1d186334c392ae0e11722312713c2.1920x1080.jpg?t=1571778024,https://cdn.akamai.steamstatic.com/steam/apps/32310/ss_cc924e317c7ecf8da4b0f2c40fa4a7f9dbadcd25.1920x1080.jpg?t=1571778024,https://cdn.akamai.steamstatic.com/steam/apps/32310/ss_93e7aa53f56036f400322615d6fec96ce6f231ea.1920x1080.jpg?t=1571778024,https://cdn.akamai.steamstatic.com/steam/apps/32310/ss_cfd3a4f6baa43214b295752489de95a1b9c30ae9.1920x1080.jpg?t=1571778024,https://cdn.akamai.steamstatic.com/steam/apps/32310/ss_d172afe91094e752c29bae050d5b9d3acc04178c.1920x1080.jpg?t=1571778024,https://cdn.akamai.steamstatic.com/steam/apps/32310/ss_ed3b6d75c93d94328b87a9490779b29d6b6b2dc9.1920x1080.jpg?t=1571778024,https://cdn.akamai.steamstatic.com/steam/apps/32310/ss_cc8ecdbedf8765844ac70445783f65d403cf552d.1920x1080.jpg?t=1571778024,https://cdn.akamai.steamstatic.com/steam/apps/32310/ss_64e35317dd2ac8ba84ee309adad3bb302fc167e4.1920x1080.jpg?t=1571778024,https://cdn.akamai.steamstatic.com/steam/apps/32310/ss_010c4f1f54a5c7c4e564ccfc9a85b5909eb5290e.1920x1080.jpg?t=1571778024,https://cdn.akamai.steamstatic.com/steam/apps/32310/ss_e5fa29600cb7b53a58d43b63a5d2ada984988edf.1920x1080.jpg?t=1571778024,https://cdn.akamai.steamstatic.com/steam/apps/32310/ss_5524a5346e3e7b06f97aca0027bd255faed7a759.1920x1080.jpg?t=1571778024,https://cdn.akamai.steamstatic.com/steam/apps/32310/ss_17c458556d37a331ca71f043aba72267065b10f9.1920x1080.jpg?t=1571778024,https://cdn.akamai.steamstatic.com/steam/apps/32310/ss_a7b7d5e9ba881b370a7bdd6c4ab760da8ed5f4b5.1920x1080.jpg?t=1571778024,https://cdn.akamai.steamstatic.com/steam/apps/32310/ss_d2bdc8662df400f2519e3eb12d6c6fff99dd287f.1920x1080.jpg?t=1571778024,https://cdn.akamai.steamstatic.com/steam/apps/32310/ss_e1d522fb2fed3e44032c998bf62df458533fd282.1920x1080.jpg?t=1571778024",http://cdn.akamai.steamstatic.com/steam/apps/256680655/movie_max.mp4?t=1488487776
1500280,Spellbound : The Magic Within,"Sep 1, 2022",0 - 20000,2,0,18.99,0,"Spellbound: The Magic Within is a branching narrative, multiple ending , interactive visual novel. Jump into a world of Magic, Witchcraft and Mystery as the town of Witcherley's newest resident. After discovering you have an abundance of magical energy your family send you to learn how to harness that power with an old family friend. You swiftly find yourself relocating to the charming village of Witcherley where you will interact with a host of unusual characters. Choose from multiple schools of magic, bond with your tutor, and maybe even save the world. Your choices will impact the way characters interact with you, how your magic develops and ultimately the ending you receive. Where will your powers take you? Who can be trusted in this village? And what's going on in the forest? The choices are yours but are you ready for the consequences. Will you be strong enough when the time comes? Meet the Tutors: Features: Customisable player portrait - Create your Witchsona Choose your Pronouns Choose your school of Magic Befriend or Romance your preferred Character Roleplay style choices that affect the outcome of your story - Can you save the day? Multiple endings per each character - platonic and romantic options available. Spellbound: The Magic Within is still in production which means you can have an actual say in how the game is shaping up. We have a discord where we show sneak peeks, behind the scenes developer stuff, and most importantly talk to you! Click the image below to join!",['English'],['English'],,https://cdn.akamai.steamstatic.com/steam/apps/1500280/header.jpg?t=1662100787,https://www.wyrdren.com/,http://wydren.com,support@wyrdren.com,True,False,False,0,,0,1,0,,38,0,,0,0,0,0,Wyrdren Games,Wyrdren Games,"Single-player,Steam Achievements,Steam Cloud","Adventure,Casual,Indie,RPG,Simulation","Visual Novel,Choose Your Own Adventure,Fantasy,Magic,LGBTQ+,2D,Choices Matter,Multiple Endings,Casual,Indie,Interactive Fiction,RPG,Dating Sim,Stylized,Mystery,Narrative,Romance,Character Customization,Conversation,Adventure","https://cdn.akamai.steamstatic.com/steam/apps/1500280/ss_20e190361cb57211a8e892c9296d8e1501015572.1920x1080.jpg?t=1662100787,https://cdn.akamai.steamstatic.com/steam/apps/1500280/ss_7b890058e4d5c51b9b3417ed30f51512a843ca26.1920x1080.jpg?t=1662100787,https://cdn.akamai.steamstatic.com/steam/apps/1500280/ss_ff1bc20f5ee2253d46893f7d7e485e3ce38f9af6.1920x1080.jpg?t=1662100787,https://cdn.akamai.steamstatic.com/steam/apps/1500280/ss_be707d6e4c72b51eb043e19f97da3bc9a4b77ce8.1920x1080.jpg?t=1662100787,https://cdn.akamai.steamstatic.com/steam/apps/1500280/ss_d9b315aa0604b6cdaeb9563c7c0d51cc97bdca8e.1920x1080.jpg?t=1662100787,https://cdn.akamai.steamstatic.com/steam/apps/1500280/ss_c92b48702ee2d6094812577d037c8ebefc62cf45.1920x1080.jpg?t=1662100787,https://cdn.akamai.steamstatic.com/steam/apps/1500280/ss_bc9e0cd96fbc6203a0f7a9ba8a4af283bb77ffb7.1920x1080.jpg?t=1662100787,https://cdn.akamai.steamstatic.com/steam/apps/1500280/ss_8b3be55558d2b8246024f58d4bc47d1e4bb7a83d.1920x1080.jpg?t=1662100787,https://cdn.akamai.steamstatic.com/steam/apps/1500280/ss_3575d221e60f32621b8ab08835479e2944de9de0.1920x1080.jpg?t=1662100787,https://cdn.akamai.steamstatic.com/steam/apps/1500280/ss_f67cecd403917dddff304061780513be8a3147af.1920x1080.jpg?t=1662100787,https://cdn.akamai.steamstatic.com/steam/apps/1500280/ss_8b9e17e36139a81490edb2b9b31ac06f2c24e786.1920x1080.jpg?t=1662100787,https://cdn.akamai.steamstatic.com/steam/apps/1500280/ss_25c9f4404868a5af22dae92c36064754d8843796.1920x1080.jpg?t=1662100787,https://cdn.akamai.steamstatic.com/steam/apps/1500280/ss_1fb43330694bc1533d7514f71b56cd4791cac832.1920x1080.jpg?t=1662100787,https://cdn.akamai.steamstatic.com/steam/apps/1500280/ss_206e954d7cdd8fe53e6aad1de39855f328d0b9ba.1920x1080.jpg?t=1662100787,https://cdn.akamai.steamstatic.com/steam/apps/1500280/ss_a833131b2549b7ab4cdd73015d383d0677b86927.1920x1080.jpg?t=1662100787","http://cdn.akamai.steamstatic.com/steam/apps/256897529/movie_max.mp4?t=1658436159,http://cdn.akamai.steamstatic.com/steam/apps/256880357/movie_max.mp4?t=1648748229,http://cdn.akamai.steamstatic.com/steam/apps/256878372/movie_max.mp4?t=1648748233"
1612820,Frog Hands Steve,"May 12, 2021",0 - 0,0,0,0.0,0,Your hands are now frogs. Exact your revenge on mosquitoes in a three minute feeding frenzy to achieve the highest score in the swamp. Enter an amphibian zen. Silent your swampy mind. Become the mythical being known as Frog Hands Steve!,['English'],['English'],,https://cdn.akamai.steamstatic.com/steam/apps/1612820/header.jpg?t=1620814462,https://peanutbutton.net,http://peanutbutton.net,peanutbuttonmedia@gmail.com,True,False,False,0,,0,0,0,,0,0,,0,0,0,0,Peanut Button,Peanut Button,Single-player,"Casual,Free to Play",,"https://cdn.akamai.steamstatic.com/steam/apps/1612820/ss_dd7fc88e47263b6d2034719b122266637f9d1dcb.1920x1080.jpg?t=1620814462,https://cdn.akamai.steamstatic.com/steam/apps/1612820/ss_74992f1e22b08395bbd0ce5961b9399115177f9d.1920x1080.jpg?t=1620814462,https://cdn.akamai.steamstatic.com/steam/apps/1612820/ss_c41621a6d317ab9068bde5c1fc9c308e794a4aa5.1920x1080.jpg?t=1620814462,https://cdn.akamai.steamstatic.com/steam/apps/1612820/ss_93037b2a7c092fcaa4972c6ebc7b954893f44fd8.1920x1080.jpg?t=1620814462,https://cdn.akamai.steamstatic.com/steam/apps/1612820/ss_5c43f68e43c935139b68599ea4b692f57cc69d3e.1920x1080.jpg?t=1620814462",http://cdn.akamai.steamstatic.com/steam/apps/256831551/movie_max.mp4?t=1619506595
513610,Madrobot X,"Sep 21, 2016",100000 - 200000,0,0,2.99,0,"MadRobot X is an old school shoot 'em up game. You control a robot trying to escape from the laboratory of a mad scientist, and to accomplish this, you'll need the help of GoboGobo, another robot who also wants to escape. The task is not easy; the mad scientist will do anything to prevent anyone from escaping. Features Pixel art style Progressive challenge Power ups Special skills 12 Bosses Bullets, bullets, bullets! Nightmare Mode Gameservices Scoreboard Gamepad support with 2 modes: * Normal: LStick moves the robot, RStick shoots and maneuvers the beam * Classic: LStick moves the robot and maneuvers the beam, buttons shoot Gameplay adjustments (hitbox, touchscreen, hp recovery, etc...) The ability to mute, not only the music, but sound effects as well And much more (like bullets!)",['English'],[],"“MadRobot X is a polished oldschool inspired shooter where players must help just the head of a giant killer robot escape from the mad scientist's lab where it is being created by blasting away at an armada of automated security using a giant overpowered laser that has been smartly woven into the overall game design” SupergameDroid “MadRobot X is just a damn good game. I totally recommend” -x-review/ “Madrobot X est un super shoot them up. Ce jeu est une réussite et va faire plaisir à tous les nostalgiques de jeux Amiga ou Atari ST et pour ceux qui n’ont pas connu cette époque, on peut parler de jeux sur console d’une manière générale.” -madrobot-x-la-version-pour-steam/",https://cdn.akamai.steamstatic.com/steam/apps/513610/header.jpg?t=1573472026,http://netox.ninja,http://www.SometimesYou.com/,3.14nkerator@gmail.com,True,True,True,0,,0,101,15,,0,0,,252,0,233,0,NetoX,Sometimes You,"Single-player,Full controller support,Steam Trading Cards","Action,Casual,Indie","Indie,Action,Casual,Shoot 'Em Up","https://cdn.akamai.steamstatic.com/steam/apps/513610/ss_ca327a7e67d7d5613068f2ed8e290b4194a5ed86.1920x1080.jpg?t=1573472026,https://cdn.akamai.steamstatic.com/steam/apps/513610/ss_7337af14f75772e2bcf88c62a327eca09fb59996.1920x1080.jpg?t=1573472026,https://cdn.akamai.steamstatic.com/steam/apps/513610/ss_b77770c156b3814ea43ccd2a097eb6fde38a408c.1920x1080.jpg?t=1573472026,https://cdn.akamai.steamstatic.com/steam/apps/513610/ss_cde82362a1e8cfd2b521c0fae5a037e08ed942ee.1920x1080.jpg?t=1573472026,https://cdn.akamai.steamstatic.com/steam/apps/513610/ss_48465d0153f7f73a8b9055a7089000bf62b49938.1920x1080.jpg?t=1573472026,https://cdn.akamai.steamstatic.com/steam/apps/513610/ss_2af06b61d1890ef171ff203c2f2b377a15759c95.1920x1080.jpg?t=1573472026,https://cdn.akamai.steamstatic.com/steam/apps/513610/ss_dc80e936f662d5ae79cf7e8615915c1048b4976c.1920x1080.jpg?t=1573472026,https://cdn.akamai.steamstatic.com/steam/apps/513610/ss_e0586bfc70d4a55109aaf1bc3ce73f8f2e9774cb.1920x1080.jpg?t=1573472026,https://cdn.akamai.steamstatic.com/steam/apps/513610/ss_7c61352b945e07c8b5d8796ea4a44581debe9e7e.1920x1080.jpg?t=1573472026,https://cdn.akamai.steamstatic.com/steam/apps/513610/ss_036636c9d50820c3cb1e7c3e07d1d7b9940cdc5f.1920x1080.jpg?t=1573472026,https://cdn.akamai.steamstatic.com/steam/apps/513610/ss_bbfb2af3ff4e6563149219d3c3a4c2b7901d9adf.1920x1080.jpg?t=1573472026,https://cdn.akamai.steamstatic.com/steam/apps/513610/ss_52c775a9758a2c6c36e70f5b3952a0a2d7b67cf1.1920x1080.jpg?t=1573472026,https://cdn.akamai.steamstatic.com/steam/apps/513610/ss_95470e2527208e1d1ea1efea001a7f7b12a17b72.1920x1080.jpg?t=1573472026,https://cdn.akamai.steamstatic.com/steam/apps/513610/ss_aa262e67be89511ec7c48c724ad2084bda0199d9.1920x1080.jpg?t=1573472026,https://cdn.akamai.steamstatic.com/steam/apps/513610/ss_b3c4c4314c514f5ed6f4964470497f5ab60d648f.1920x1080.jpg?t=1573472026,https://cdn.akamai.steamstatic.com/steam/apps/513610/ss_44c675aa34fe80b192713f2322b8adee1373ac26.1920x1080.jpg?t=1573472026,https://cdn.akamai.steamstatic.com/steam/apps/513610/ss_34e222a897f283aa4e24636340edab0afb119dd7.1920x1080.jpg?t=1573472026,https://cdn.akamai.steamstatic.com/steam/apps/513610/ss_dc78e8e902ba92bebffd49d927f5828ec9ea2d5f.1920x1080.jpg?t=1573472026,https://cdn.akamai.steamstatic.com/steam/apps/513610/ss_6cb1429d2c939976154f3710b2b566daae055845.1920x1080.jpg?t=1573472026",http://cdn.akamai.steamstatic.com/steam/apps/256670471/movie_max.mp4?t=1473766069
1210670,Silent World,"Mar 19, 2020",0 - 20000,0,0,4.99,0,"The world you once knew has been lost to nuclear devastation. Facing this new world alone, you begin your search for other survivors... Mutants roam the demolished city, and you'll have to move silently to avoid them and deadly traps scattered throughout the modern ruins. All you have to help you is a single match, which you'll have to use to light your way and find a safe path out of this hostile world. Blind corners and bloodthirsty mutants... You'll have to conquer the fear within you and move forward one step at a time. Will you ever find your way out of this neverending maze...?","['English', 'Japanese', 'Simplified Chinese', 'Korean']",[],,https://cdn.akamai.steamstatic.com/steam/apps/1210670/header.jpg?t=1612253239,http://www.cfk.kr/,http://www.cfk.kr,cfk@cfk.kr,True,False,False,0,,0,6,13,,8,0,,0,0,0,0,GniFrix,"CFK Co., Ltd.","Single-player,Steam Achievements,Full controller support","Action,Adventure,Casual,Indie","Action,Indie,Adventure,Casual,Puzzle,Singleplayer","https://cdn.akamai.steamstatic.com/steam/apps/1210670/ss_04266c9873344f921b8f74b27a9faec92fe4f17a.1920x1080.jpg?t=1612253239,https://cdn.akamai.steamstatic.com/steam/apps/1210670/ss_78ac701976f54aaa4308a1f60a84fadfb7717a45.1920x1080.jpg?t=1612253239,https://cdn.akamai.steamstatic.com/steam/apps/1210670/ss_ee233224d1005f722c334165046ddc8855e9d56d.1920x1080.jpg?t=1612253239,https://cdn.akamai.steamstatic.com/steam/apps/1210670/ss_96898a9c463df5b4dbb51065f429da0dadcea6dc.1920x1080.jpg?t=1612253239,https://cdn.akamai.steamstatic.com/steam/apps/1210670/ss_0f7340f196ee6be9dd69bc45ba26295995859c53.1920x1080.jpg?t=1612253239",http://cdn.akamai.steamstatic.com/steam/apps/256776177/movie_max.mp4?t=1583993373
950210,SUFFER,"Dec 10, 2018",0 - 20000,0,0,4.99,1,"Are you ready to suffer? SUFFER is a horror-punk shoot 'em up where you take on the corporate police state with nothing but your ninja sword and a hailstorm of bullets. Fast paced FPS action, wicked parkour platforming, and vicious demonic foes await you in this dystopian nightmare! This game is for those in need of a challenging first person experience, reminiscent of the tough-as-nails PC shooters of yesteryear. Intense Single Player Campaign 75 Handcrafted Levels - Abstract Design Anarchy Brutal Difficulty For Hardcore Gamers Colorful Sprite Graphics Inspired By 90's Pixelated Glory Original Punk/Metal Soundtrack Are you badass enough to overcome the demons, or will you succumb to the suffering?",['English'],['English'],“I almost felt like I was on drugs just by playing!” Save Or Quit,https://cdn.akamai.steamstatic.com/steam/apps/950210/header.jpg?t=1623956974,https://www.anarchysoftworks.com/suffer.html,https://anarchysoftworks.com/,,True,False,False,0,,0,42,11,,21,0,"This game contains swearing, scenes of graphic violence, abusive language, and cartoon depictions of suicide.",0,0,0,0,Anarchy Softworks LLC,Anarchy Softworks LLC,"Single-player,Steam Achievements,Partial Controller Support","Action,Indie","Action,Indie,Gore,Violent,FPS,Retro,Shooter,First-Person","https://cdn.akamai.steamstatic.com/steam/apps/950210/ss_03515ccfd47ef28c8e68d479e659c5559ad5f7ae.1920x1080.jpg?t=1623956974,https://cdn.akamai.steamstatic.com/steam/apps/950210/ss_384ce6622222abe2d69af39458a975b4a0bfba22.1920x1080.jpg?t=1623956974,https://cdn.akamai.steamstatic.com/steam/apps/950210/ss_77d3e2821aa51605fb26e04bf9b18903f5bcd255.1920x1080.jpg?t=1623956974,https://cdn.akamai.steamstatic.com/steam/apps/950210/ss_0c4495a0f00e5a44aecc2081015d3765782bfe22.1920x1080.jpg?t=1623956974,https://cdn.akamai.steamstatic.com/steam/apps/950210/ss_0f14aa652a4446266b97b8786e46826136873305.1920x1080.jpg?t=1623956974,https://cdn.akamai.steamstatic.com/steam/apps/950210/ss_21918bb1fb4b6b28b7e00aaa12a3de98fd33fbcd.1920x1080.jpg?t=1623956974,https://cdn.akamai.steamstatic.com/steam/apps/950210/ss_25641d07eb74da8eda97402a3db215bdd4cfbe2f.1920x1080.jpg?t=1623956974,https://cdn.akamai.steamstatic.com/steam/apps/950210/ss_64617d8efc473c4bc65358df8d702d5684652ece.1920x1080.jpg?t=1623956974,https://cdn.akamai.steamstatic.com/steam/apps/950210/ss_69030b6f1d3de1815bce80418366e411ce4b69ef.1920x1080.jpg?t=1623956974,https://cdn.akamai.steamstatic.com/steam/apps/950210/ss_7a86b74093105644f85c380c0f80e4fcd6a9f6cc.1920x1080.jpg?t=1623956974,https://cdn.akamai.steamstatic.com/steam/apps/950210/ss_9233eeb6c5640f32d4d9d0ff5927ce9ba312139f.1920x1080.jpg?t=1623956974,https://cdn.akamai.steamstatic.com/steam/apps/950210/ss_0f68f004d7f2221322e5e91d987739a1ab4204fe.1920x1080.jpg?t=1623956974",http://cdn.akamai.steamstatic.com/steam/apps/256760055/movie_max.mp4?t=1566617528
1830100,Space Survival,"Dec 17, 2021",0 - 20000,0,0,4.99,0,"You are on a routine mission harvesting ice from asteroids, when suddenly your ship is hit by a high speed one and destroyed! Luckily you were outside of the ship when it happened.. Or was that luck? Now you are stranded in space alone! How long can you survive? You do have your grenade launcher and ice collecting gear and you can use the ice to power your life support, maybe you can even find some power ups from pieces of your old ship.. Just watch out for black holes!",['English'],[],,https://cdn.akamai.steamstatic.com/steam/apps/1830100/header.jpg?t=1641081665,,,spacesurvivalgame@gmail.com,True,False,False,0,,0,1,0,,23,0,,0,0,0,0,Matt Timmermans,logicandchaos,"Single-player,Steam Achievements","Action,Indie","2D,Singleplayer,Arcade,Survival,Space,Rogue-like,Shooter,Action,Top-Down Shooter,Open World,Casual,Sci-fi,Action Roguelike,Futuristic,Perma Death,Space Sim,Side Scroller,Indie","https://cdn.akamai.steamstatic.com/steam/apps/1830100/ss_6f1c5e9ead547a7c13ebe6cae7d7010e0a8958e0.1920x1080.jpg?t=1641081665,https://cdn.akamai.steamstatic.com/steam/apps/1830100/ss_fe3dfd8d605f94056d0b42a52b9d45583e51889e.1920x1080.jpg?t=1641081665,https://cdn.akamai.steamstatic.com/steam/apps/1830100/ss_e9f479d4ff4fe99294306025bcb1a52d0435940f.1920x1080.jpg?t=1641081665,https://cdn.akamai.steamstatic.com/steam/apps/1830100/ss_a56448e364f66cb40ab90abca9c65ea16e09f5ce.1920x1080.jpg?t=1641081665,https://cdn.akamai.steamstatic.com/steam/apps/1830100/ss_13f93bdcf45b5b9bd14c1372944739441be23e91.1920x1080.jpg?t=1641081665",http://cdn.akamai.steamstatic.com/steam/apps/256861975/movie_max.mp4?t=1638449841
1058110,Metro Trip Simulator,"May 27, 2019",0 - 20000,0,18,0.99,0,"18+ Simulator of a Subway Trip [/] You simulate a metro tip here. The opportunity to be in the subway, to experience a digital trip - it is not often possible to meet such a thing in games, but alas, there is no full-fledged metro trip simulator. In the simulator you can sit all the way for more realism, and you can get up and walk around the car, watch how you move through the tonnels. The carriage is very beautiful. In it you can touch all sorts of things, there is a physics of objects and even a connection with the driver (but he will not answer). The game has the option to travel in an empty car, as well as with several photo-realistic realistic npc - can be configured at launch. You can also optionally turn on the presence of a smartphone with 3 songs. With the smartphone is the physics of the cable and headphones. The game will suit not only those from cities, but also to those who do not have the subway in their place of living and if for example you would like to take experience being a metro, but you don't have it in your village/small city - you can buy the game for 1 dollar. The game costs almost as a train fare, very cheap, and unlike from the real journey - the ride pass is for life, and you can adjust the absence of people. ride in the car in solitude, and everything is relaxed. When I wanted to, I turned it on, I don’t need to go anywhere, even at 3 am I went for a ride stupidly from computer and that's it.When I had enough I turned it off and continued to go about my business, no need to go get back home for three hours Specifications: First person Photoscanned NPCs Character has a body Great graphics Russian inscriptions Advanced physics Headphones with a physically correct cable Smartphone with 3 music tracks Sounds of a trip on the subway Interaction with objects","['Russian', 'English']",[],,https://cdn.akamai.steamstatic.com/steam/apps/1058110/header.jpg?t=1651061558,,,metr.o20777SIMULATOR@GMAIL.COM,True,False,False,0,,0,35,28,,1,0,strong mature language,0,0,0,0,Metro 2.0.7.7,Kavkaz Sila Games,"Single-player,Steam Achievements",Simulation,"Simulation,First-Person,Atmospheric,Singleplayer,3D,Psychological,Modern,Walking Simulator,Experience,Experimental,Horror","https://cdn.akamai.steamstatic.com/steam/apps/1058110/ss_3f314673fefc29500bea379474a9721f1c7de47a.1920x1080.jpg?t=1651061558,https://cdn.akamai.steamstatic.com/steam/apps/1058110/ss_e59bf767630fc2d1ae8abe71df286295a5f0fd74.1920x1080.jpg?t=1651061558,https://cdn.akamai.steamstatic.com/steam/apps/1058110/ss_fdc40ae0b0450563ced16dd0bc1e18e6013c0095.1920x1080.jpg?t=1651061558,https://cdn.akamai.steamstatic.com/steam/apps/1058110/ss_3ef652d5c532518861a55831b75d342c93778292.1920x1080.jpg?t=1651061558,https://cdn.akamai.steamstatic.com/steam/apps/1058110/ss_655c8ac619f2ba2a43b2d8e023d084d5ced0dc72.1920x1080.jpg?t=1651061558",http://cdn.akamai.steamstatic.com/steam/apps/256751779/movie_max.mp4?t=1558974565
1209360,Monster Truck Championship,"Oct 15, 2020",0 - 20000,2,0,39.99,2,"A true Monster Truck simulation! From Las Vegas to Orlando, go head-to-head against experienced drivers in drag races and freestyle competitions! But before you can pull off doughnuts, wheelies and bicycles, you must first tune your truck to perfection. These machines are spectacular and impressive yet highly technical to drive. The game faithfully reproduces all the unique demands of mastering these powerful trucks, including independent front and rear wheel management, mass transfer anticipation in bends, and predicting bounces after jumps.   But what's performance without style? Customise your Monster Truck to reflect your style and show it off to your 7 opponents in online mode. 16 different Monster Trucks Over 50 customisable elements 25 arenas 3 different leagues","['English', 'French', 'Italian', 'German', 'Arabic', 'Japanese', 'Korean', 'Polish', 'Portuguese - Brazil', 'Simplified Chinese', 'Thai', 'Traditional Chinese', 'Spanish - Latin America', 'Russian']","['English', 'French', 'Italian', 'German', 'Russian']",,https://cdn.akamai.steamstatic.com/steam/apps/1209360/header.jpg?t=1602849723,,,support@nacon.fr,True,False,False,0,,0,94,43,,25,0,,25,0,25,0,Teyon,Nacon,"Single-player,Multi-player,PvP,Online PvP,Steam Achievements,Full controller support,Steam Cloud,Stats,Steam Leaderboards","Action,Racing,Simulation,Sports","Action,Racing,Simulation,Sports,Destruction,Driving,Singleplayer,Automobile Sim,Third Person,Realistic,America,Physics,Relaxing,Atmospheric,Competitive,Controller,Arcade,Funny,PvP,Co-op","https://cdn.akamai.steamstatic.com/steam/apps/1209360/ss_681d5425a3b4ef5528deacfb560b917e44d1b395.1920x1080.jpg?t=1602849723,https://cdn.akamai.steamstatic.com/steam/apps/1209360/ss_cc56091e6eb16bd67dd73e308ba5f6d50acb8f2d.1920x1080.jpg?t=1602849723,https://cdn.akamai.steamstatic.com/steam/apps/1209360/ss_bbfc0eb8b584ae7d87adc4d55735054811d05c68.1920x1080.jpg?t=1602849723,https://cdn.akamai.steamstatic.com/steam/apps/1209360/ss_df830b601efc557bff585e21cedf9f811da22558.1920x1080.jpg?t=1602849723,https://cdn.akamai.steamstatic.com/steam/apps/1209360/ss_1acb8b624be29b46ae56976e17eccd67ab789e5c.1920x1080.jpg?t=1602849723,https://cdn.akamai.steamstatic.com/steam/apps/1209360/ss_4f2ec5e901e79661094be2e74ca9c34e584ec5a3.1920x1080.jpg?t=1602849723,https://cdn.akamai.steamstatic.com/steam/apps/1209360/ss_f7c5bafafca7c804b53cc3a217fe5e6219a405cf.1920x1080.jpg?t=1602849723","http://cdn.akamai.steamstatic.com/steam/apps/256792208/movie_max.mp4?t=1594302899,http://cdn.akamai.steamstatic.com/steam/apps/256804608/movie_max.mp4?t=1602748678,http://cdn.akamai.steamstatic.com/steam/apps/256799197/movie_max.mp4?t=1598877574,http://cdn.akamai.steamstatic.com/steam/apps/256775144/movie_max.mp4?t=1594302908"
654820,Akin Vol 2,"Jul 27, 2017",0 - 20000,0,0,0.99,0,"Once again, you only have to draw one continuous line. When you draw on a tile, it will change color from orange to blue or from blue to orange. You solve each puzzle, by making all tiles akin. There are 96 puzzles on 'Normal'-mode and 96 puzzles in 'Time'-mode. Each puzzles can have many different solutions. Start with basic puzzles and unlock harder ones. There are also special tiles. The 'Teleport'-tile, teleports the line to another point in the puzzle. The 'Double Use'-tile can be used twice, which is requires to solve some of the puzzles",['English'],[],,https://cdn.akamai.steamstatic.com/steam/apps/654820/header.jpg?t=1654376240,,,bigblackbearstudio@gmail.com,True,False,False,0,,0,15,14,,0,0,,0,0,0,0,ThinkOfGames,Big Black Bear,"Single-player,Steam Achievements","Casual,Indie","Puzzle-Platformer,Clicker,Puzzle,Physics,Strategy,2D,Relaxing,Casual,Simulation,Minimalist,Family Friendly,Singleplayer,Indie,Sequel,Abstract,Logic","https://cdn.akamai.steamstatic.com/steam/apps/654820/ss_acee0d7e407e3eb381c2f81275cfa2bec613d550.1920x1080.jpg?t=1654376240,https://cdn.akamai.steamstatic.com/steam/apps/654820/ss_ae85bb43f21cfdfe312b2ed8dd5f0279c358ebd9.1920x1080.jpg?t=1654376240,https://cdn.akamai.steamstatic.com/steam/apps/654820/ss_00d03e494f6f5ab5642da9fbd5210397152261ac.1920x1080.jpg?t=1654376240,https://cdn.akamai.steamstatic.com/steam/apps/654820/ss_fb9964405a67f7cb9edc5c56911855454c852f2a.1920x1080.jpg?t=1654376240,https://cdn.akamai.steamstatic.com/steam/apps/654820/ss_cc10c9cf20698aea3e419a24371a5c8efb701732.1920x1080.jpg?t=1654376240",http://cdn.akamai.steamstatic.com/steam/apps/256688279/movie_max.mp4?t=1499938005
701720,2D Neon Cube,"Sep 8, 2017",0 - 20000,0,0,3.99,0,2D Neon Cube - it's beautiful and not difficult to pass the game. Exciting obstacles and graphical effects. Move the main character to the portal and try not to die! Key features: - 1596 achievements - 12 is very beautiful and interesting levels - Nice soundtrack,"['English', 'French', 'Italian', 'German', 'Spanish - Spain', 'Arabic', 'Bulgarian', 'Portuguese - Brazil', 'Hungarian', 'Greek', 'Danish', 'Traditional Chinese', 'Simplified Chinese', 'Korean', 'Dutch', 'Norwegian', 'Polish', 'Portuguese', 'Romanian', 'Russian', 'Thai', 'Turkish', 'Ukrainian', 'Finnish', 'Czech', 'Swedish', 'Japanese']",[],,https://cdn.akamai.steamstatic.com/steam/apps/701720/header.jpg?t=1603800537,,,Laush97@mail.ru,True,False,False,0,,0,115,63,,1596,0,,1,0,1,0,Laush Dmitriy Sergeevich,Laush Studio,"Single-player,Steam Achievements","Action,Indie","Side Scroller,Puzzle-Platformer,2D Platformer,Difficult,Casual,Platformer,Space Sim,2D,Survival,Relaxing,Action,Puzzle,Pixel Graphics,Stylized,Atmospheric,Retro,Singleplayer,Indie,NSFW","https://cdn.akamai.steamstatic.com/steam/apps/701720/ss_1099bb8fc78c56da1d7e78c5089a7ad977d9832e.1920x1080.jpg?t=1603800537,https://cdn.akamai.steamstatic.com/steam/apps/701720/ss_9ea4c1db815c03daca3142d94dff9bfbd55cf9b9.1920x1080.jpg?t=1603800537,https://cdn.akamai.steamstatic.com/steam/apps/701720/ss_911aa5a8ada29a4c038a412c79044ba16e03b04f.1920x1080.jpg?t=1603800537,https://cdn.akamai.steamstatic.com/steam/apps/701720/ss_6b55186a37239ad10a94f5ba11600ffd1df8b31f.1920x1080.jpg?t=1603800537,https://cdn.akamai.steamstatic.com/steam/apps/701720/ss_42aa0913cf7b4088ed70c8d0a1b2c6526fddb052.1920x1080.jpg?t=1603800537,https://cdn.akamai.steamstatic.com/steam/apps/701720/ss_c1c58ce73750bdde526ba0df1b37ffd5b5a6dd67.1920x1080.jpg?t=1603800537",http://cdn.akamai.steamstatic.com/steam/apps/256693390/movie_max.mp4?t=1503662969
1838220,Wave Jumper,"Dec 21, 2021",0 - 0,0,0,0.0,0,"Wave Jumper is a 80's Synthwave platformer aimed at keeping momentum high and decisions quick. Use Bounce pads to preserve momentum and portals to switch momentum quickly. Beware the Synthspikes, Synthbeams, and Synthdiamonds. If you get tired you can always try out the pong by inputting the super secret code on the bottom of the settings screen at the main menu, but you have to do it in the level select to get it work.",['English'],['English'],,https://cdn.akamai.steamstatic.com/steam/apps/1838220/header.jpg?t=1653269445,,,attribewx@gmail.com,True,True,False,0,,0,0,0,,9,0,,0,0,0,0,Bewx,Bewx,Single-player,"Action,Adventure,Casual,Free to Play",,"https://cdn.akamai.steamstatic.com/steam/apps/1838220/ss_aa6338add88cba8c1fca8a6a7a8e92b0b0932ae1.1920x1080.jpg?t=1653269445,https://cdn.akamai.steamstatic.com/steam/apps/1838220/ss_eab2b8a9c46b238743368fe80eee923ab9d3b1ab.1920x1080.jpg?t=1653269445,https://cdn.akamai.steamstatic.com/steam/apps/1838220/ss_5b6ebb2d0baa859f8f6f5b5ae349632bcb8c1c26.1920x1080.jpg?t=1653269445,https://cdn.akamai.steamstatic.com/steam/apps/1838220/ss_7d0eb3e80acbeda260ec46260b7d768ecae2861d.1920x1080.jpg?t=1653269445,https://cdn.akamai.steamstatic.com/steam/apps/1838220/ss_e45765eaa07f6c16314126790d52f42d21c79261.1920x1080.jpg?t=1653269445,https://cdn.akamai.steamstatic.com/steam/apps/1838220/ss_18fbb21683adcaeb7d47c7252cd6c511a5c7da64.1920x1080.jpg?t=1653269445,https://cdn.akamai.steamstatic.com/steam/apps/1838220/ss_f1ea8d5f1da60f54d27346aecbd8516ba52c1943.1920x1080.jpg?t=1653269445,https://cdn.akamai.steamstatic.com/steam/apps/1838220/ss_3b9ac391d664882c48284fdabb6fedec7ed8e96f.1920x1080.jpg?t=1653269445",http://cdn.akamai.steamstatic.com/steam/apps/256863010/movie_max.mp4?t=1638508674
811320,Jupiter Hell,"Aug 5, 2021",20000 - 50000,26,0,24.99,0,"Jupiter Hell is a classic, turn-based roguelike set in a 90s flavored sci-fi universe. Set on the moons of Jupiter, the game pits a lone space marine against overwhelming demonic forces. Rip and tear zombies, demons and unmentionable monstrosities, using classic weaponry such as shotguns, chainguns, railguns and the trusty chainsaw. All to the shine of CRT monitors and the tune of heavy metal! Tactical, turn-based combat Benefit from classic roguelike turns with modern shooter sensibilities and real-time responsiveness. Controls are immediate and accessible while retaining the back-end depth of a turn-based RPG. Play with mouse+keyboard, keyboard-only, or gamepad controls. Spiritual successor to DOOM Roguelike Jupiter Hell is built by ChaosForge, the team that’s been making top-down, cosmic hell roguelikes since 2002, when DOOM, the Roguelike (later renamed DRL ) filled the screens with ASCII-based, gory, explosive action and defined the turn-based shooter genre. Meaningful RPG progression Customize your character with new weapons, items and abilities gained as you progress through a permadeath-prone hell. Each run you build your character anew, and every unlocked perk can change the way you play. Beat the game to unlock more difficult challenges rather than grinding to make the game easier. Randomized levels set all over Jupiter’s orbit Blast through procedurally-generated civilian sectors, military space bases and mining colonies on the violent moons of Jupiter. Every playthrough you’ll find new ways to experience familiar environments. Pair that with detailed graphics and smooth animation. Roguelikes have come a long way from their ASCII roots! Frequent updates! Most recent: 1.4 - Chaos! 1.3 - Valhalla! 1.2 - Varia! 1.1 - Exordium! 1.0 - Dante!","['English', 'German', 'Polish']","['English', 'Polish']","“A Turn-Based Triumph - Jupiter Hell is an engaging and commendable recreation of DOOM's style in turn-based roguelike form that will please just about everyone.” 9/10 – Screen Rant “Jupiter Hell is a thrilling turn-based roguelike. The gameplay is fun and easy to learn. The visuals are great, and the soundtrack works wonderfully. [...] it’s a fast-paced and thrilling game that never gets old.” 9/10 – God is a Geek “If you’ve got a strategic bone in your body, you have to buy this. Go, buy it now.” 9/10 – RPG Fan",https://cdn.akamai.steamstatic.com/steam/apps/811320/header_alt_assets_24.jpg?t=1656952134,https://jupiterhell.com,https://forum.chaosforge.org/,support@chaosforge.org,True,True,True,78,https://www.metacritic.com/game/pc/jupiter-hell?ftag=MCD-06-10aaa1f,0,1219,94,,26,1079,"This game may contain content not appropriate for all ages, or may not be appropriate for viewing at work: Frequent Violence or Gore, Strong Language and General Mature Content.",285,0,391,0,ChaosForge,Hyperstrange,"Single-player,Steam Achievements,Full controller support,Steam Cloud","Indie,RPG,Strategy","Rogue-like,Strategy,Turn-Based,RPG,Indie,Traditional Roguelike,Grid-Based Movement,Gore,Violent,Sci-fi,Procedural Generation,Horror,Singleplayer,Replay Value,Top-Down,Great Soundtrack","https://cdn.akamai.steamstatic.com/steam/apps/811320/ss_ed9909a1905cf56777725de9a412006fd4ad7272.1920x1080.jpg?t=1656952134,https://cdn.akamai.steamstatic.com/steam/apps/811320/ss_52a0f72b3917b4a672c838c3b882d4999c77208e.1920x1080.jpg?t=1656952134,https://cdn.akamai.steamstatic.com/steam/apps/811320/ss_de10383e961d59896f3a66ae05d3f6dea96f6449.1920x1080.jpg?t=1656952134,https://cdn.akamai.steamstatic.com/steam/apps/811320/ss_29f360174c04821cb8ccde66e541b4146827374c.1920x1080.jpg?t=1656952134,https://cdn.akamai.steamstatic.com/steam/apps/811320/ss_de842daca855e5043529b66e43933f5947fd5048.1920x1080.jpg?t=1656952134,https://cdn.akamai.steamstatic.com/steam/apps/811320/ss_8bb0de242942dcede2e08dabb63616dcc8a6817b.1920x1080.jpg?t=1656952134,https://cdn.akamai.steamstatic.com/steam/apps/811320/ss_88a1191732161fee14b7ac14de3030039920572f.1920x1080.jpg?t=1656952134,https://cdn.akamai.steamstatic.com/steam/apps/811320/ss_8454681870a2380175f09be0e46daebc016bc329.1920x1080.jpg?t=1656952134,https://cdn.akamai.steamstatic.com/steam/apps/811320/ss_4bfd8807b34be2baff9d71f36d41782048f69cb1.1920x1080.jpg?t=1656952134,https://cdn.akamai.steamstatic.com/steam/apps/811320/ss_65f639fc36a3bae50eea601f9d7fd72903d5ffdc.1920x1080.jpg?t=1656952134","http://cdn.akamai.steamstatic.com/steam/apps/256845589/movie_max.mp4?t=1656952124,http://cdn.akamai.steamstatic.com/steam/apps/256843031/movie_max.mp4?t=1626354241"
735650,One More Night: BiO Clinic,"Nov 6, 2017",0 - 20000,0,0,4.99,0,"One More Night is a survival horror game with a lot of misteries inside the game. You will play as the night-shift nurse that needs to take care the patients. But just when a new girl comes in, she brought terror to the clinic with her. Something inside the girl posseses other dying patients and try to kill you! Everything back to normal when you are not alone, so, can you survive the terror until the night crews arrives? Can you at least survive for one more night? This game is a clueless game which will test your gaming skills by unveiling the way to survive every night on your own. The game starts at midnight and your shift will be complete at 06.00. Your objection is, of course, to survive every night while taking care some patients, but be smart, do not forget to take care of yourself too. After all, the bad things could happen to you! Pay attention on everything, there might be some clues that can help you to survive. Featuring: - Original and complex story - Clueless game that push the gamer skill to the limit - 3d modelling - Terrifying environment Unity made game.",['English'],[],,https://cdn.akamai.steamstatic.com/steam/apps/735650/header.jpg?t=1509986383,,,onemorenightgame@gmail.com,True,False,False,0,,0,4,0,,0,0,,0,0,0,0,Stephen Wu,Stephen Wu,Single-player,"Indie,Strategy","Indie,Strategy,Horror","https://cdn.akamai.steamstatic.com/steam/apps/735650/ss_d1784f8a9dbaa95c5c857c7930fdeff75215250d.1920x1080.jpg?t=1509986383,https://cdn.akamai.steamstatic.com/steam/apps/735650/ss_038ea10b5c951ad0bb5cd492e40b3b9d5fe3215d.1920x1080.jpg?t=1509986383,https://cdn.akamai.steamstatic.com/steam/apps/735650/ss_a1f12ef20c08943a409560dd90e7789cad4b792a.1920x1080.jpg?t=1509986383,https://cdn.akamai.steamstatic.com/steam/apps/735650/ss_576b160394aba2d5458e842f3be5463f5ad0fd56.1920x1080.jpg?t=1509986383,https://cdn.akamai.steamstatic.com/steam/apps/735650/ss_f95d3e4cc20dd71a4c201d87bd0bf14a3a30f5ed.1920x1080.jpg?t=1509986383",http://cdn.akamai.steamstatic.com/steam/apps/256698048/movie_max.mp4?t=1508745267
710250,Pet Squad Racing,"Oct 6, 2017",0 - 20000,0,0,2.99,0,"Pet Squad Racing is a cute, fast-paced little racing game for one or more players! You like the idea of being very small in a very big world? You like setting new high-scores, doing challenges or competing against your friends? Well now you can! In Pet Squad Racing you pick a small pet, a toy vehicle and a room to play in! Compete alone in Time-trial or complete tasks to unlock items in Challenge mode. Invite friends to race you in multiplayer (currently only local), or challenge your friends in different fun elimination games and competitions! Need a break? Why not customize your little pet with new colors, clothes and more! ------------- EARLY ACCESS NOTES --------- October 7th 2017 Please be aware that this game is early access! Everything is still a work in progress. My name is Tomas and this is my first own game that I work on by myself. All of my spare time goes to Pet Squad Racing and hope you enjoy it in its current state! If you like my game and the idea of it and you have feedback, ideas or comments, please get in touch with me via petsquadracing@gmail.com . There is still a lot of fun work to be done on it and I would love to incorporate your ideas and feedback into the game! :-)",['English'],['English'],,https://cdn.akamai.steamstatic.com/steam/apps/710250/header.jpg?t=1507330431,https://www.petsquadracing.com,https://www.petsquadracing.com,petsquadracing@gmail.com,True,False,False,0,,0,11,5,,0,0,,0,0,0,0,Otterly Bearable Games,Tomas Lif,"Single-player,Multi-player,PvP,Shared/Split Screen PvP,Shared/Split Screen,Full controller support,Remote Play Together","Indie,Racing,Early Access","Indie,Racing,Early Access","https://cdn.akamai.steamstatic.com/steam/apps/710250/ss_c252e2a62066d185a23cbf9c372bd2f2483561d5.1920x1080.jpg?t=1507330431,https://cdn.akamai.steamstatic.com/steam/apps/710250/ss_28f1f1d10c5fe70a809d122e2590e83672c9be3b.1920x1080.jpg?t=1507330431,https://cdn.akamai.steamstatic.com/steam/apps/710250/ss_70f0fb82d5baea2585eceadda2611af73df1ec09.1920x1080.jpg?t=1507330431,https://cdn.akamai.steamstatic.com/steam/apps/710250/ss_f28ada95237f939369d21ebd49672d1bae78cc0b.1920x1080.jpg?t=1507330431,https://cdn.akamai.steamstatic.com/steam/apps/710250/ss_3288edf43dfa3d5ea28ee886630c247e6de536c8.1920x1080.jpg?t=1507330431,https://cdn.akamai.steamstatic.com/steam/apps/710250/ss_75f8e68453b8f220650b0dad4c95b11a0c8564f9.1920x1080.jpg?t=1507330431",http://cdn.akamai.steamstatic.com/steam/apps/256696865/movie_max.mp4?t=1506693291
473560,Cosmic Dust & Rust,"May 17, 2016",200000 - 500000,3,0,1.99,0,"Cosmic Dust &amp; Rust is a tower defence game set in space with 2 stages of game play: The first stage is 'Ship management', where the player must upgrade the internal parts of his or her ship. You can build and upgrade turrets and defence systems. You can also undergo side missions. The second stage is the 'Action sequence', where the player takes manual control of the ship and it's main cannon and super weapon defence systems. Features: - Upgrade your ships defence systems. - Complete secondary missions for bonus aluminium and gold. - Do battle with a variety of enemy types with destructible parts. - Build and fire Super weapons. Take the fight to the enemy! - Dark star fapfap button",['English'],[],,https://cdn.akamai.steamstatic.com/steam/apps/473560/header.jpg?t=1463512379,http://www.backtobasicsgaming.com/,http://www.backtobasicsgaming.com/,Dan@BackToBasicsGaming.com,True,False,False,0,,0,247,179,,0,169,,227,0,212,0,16bit Nights,Back To Basics Gaming,"Single-player,Steam Trading Cards","Action,Casual,Indie,Strategy","Casual,Strategy,Tower Defense,Indie,Pixel Graphics,Action,Difficult","https://cdn.akamai.steamstatic.com/steam/apps/473560/ss_fa78b7a3a46309f1a6a026c53405a3865d235b19.1920x1080.jpg?t=1463512379,https://cdn.akamai.steamstatic.com/steam/apps/473560/ss_02f840fc516321de1b1523922d0df89a762849f0.1920x1080.jpg?t=1463512379,https://cdn.akamai.steamstatic.com/steam/apps/473560/ss_599e784afb133c05605dace8be0377592786ecce.1920x1080.jpg?t=1463512379,https://cdn.akamai.steamstatic.com/steam/apps/473560/ss_957d26044bd88327ffa195bde5729cee418a6042.1920x1080.jpg?t=1463512379,https://cdn.akamai.steamstatic.com/steam/apps/473560/ss_7d2a8e6d58b5c588da682ac3a41b0002a9ed4fdd.1920x1080.jpg?t=1463512379",http://cdn.akamai.steamstatic.com/steam/apps/256664221/movie_max.mp4?t=1463508602
697250,Beyond Enemy Lines 2,"Aug 8, 2019",0 - 20000,0,0,24.99,1,"2008 - At 06:00 hours yesterday morning contact was lost with Abkhazia, an autonomous region south of the Greater Caucasus. Intercepted radio messages talk about heavy military activity. We still don’t know how it stands on the damages and the origin of the of the occupying forces are unknown. Intel is currently not able to provide any sitrep. All satellites in the region are offline and redirecting satellites will take a while. Until then we are blind. And this is where we are coming in: give us some eyes on the ground! Observe and infiltrate hostile movement and cause chaos and confusion beyond enemy lines! You know what you need to do! You will seek, locate and destroy the enemy while causing havoc and confusion. Engage the enemy across vast, nonlinear missions in this unforgiving, intense experience where skill and tactical decisions matter! For each situation you need the right set of tools. In Beyond Enemy Lines 2, you can customize over 20 different weapons with 9 unique attachements . You can modify your Assault Rifle into a Sniper within seconds! Use this to your advantage and turn any situation to your favor. You need to take down a hostile force far in the distance? Attach a suppressor and a scope to take him out from the distance. Your are outnumbered and a squad of enemy soldiers is closing in on your position? Customize your submachine gun with a underbarrel laser and suppress the enemy while you retreat to an elevated position. Beyond Enemy Lines 2 features an intense experience in vast, nonlinear environments. From dense forests to claustrophobic close combat fights in underground bunker complexes. You are free to approach each objective with your own strategy. You have the total freedom to choose your path - guns blazing or silent assassin - it's your choice! 10+ hour long campaign Large, open ended and nonlinear missions Huge replayability due to unscripted and dynamic AI - each playthrough is different! Detailed Mission Ratings of your achievements after each mission. Over 20 different Weapons ranging from Pistols over Assault Rifles to Light Machine Guns. 9 unique attachements to customize the weapons to your needs Drivable vehicles to cross the large battlefields Note: Playtime of the campaign can highly vary depending on playstyle and skill. Beyond Enemy Lines 2 is a hardcore tactical FPS and very difficult, a high level of skill is required to survive! It takes passion and dedication to master this game!","['English', 'German', 'Turkish']","['English', 'Turkish']",,https://cdn.akamai.steamstatic.com/steam/apps/697250/header.jpg?t=1647001837,http://beyond-enemy-lines.com/,http://beyond-enemy-lines.com/,contact@polygon-art.com,True,False,False,0,,0,18,20,,30,0,,0,0,0,0,Polygon Art,Polygon Art,"Single-player,Multi-player,Steam Achievements,Full controller support,Steam Cloud","Action,Indie","Action,Indie,FPS,First-Person,Singleplayer,Multiplayer,War,Tactical,Bullet Time,Difficult,Wargame","https://cdn.akamai.steamstatic.com/steam/apps/697250/ss_0b4edc44a303be2ad6f86b6091cf92ebf35e762c.1920x1080.jpg?t=1647001837,https://cdn.akamai.steamstatic.com/steam/apps/697250/ss_d2b688ee580a73b5190bb3728375d5cd4c0e7650.1920x1080.jpg?t=1647001837,https://cdn.akamai.steamstatic.com/steam/apps/697250/ss_691325e07b10871247fe9c2e3bd4d1ff6b7972a2.1920x1080.jpg?t=1647001837,https://cdn.akamai.steamstatic.com/steam/apps/697250/ss_0dc11466c4a37f0405d1634e1cbdd8aee1881ee3.1920x1080.jpg?t=1647001837,https://cdn.akamai.steamstatic.com/steam/apps/697250/ss_813cc749252a17a598047b2414d52e81aa0330bc.1920x1080.jpg?t=1647001837,https://cdn.akamai.steamstatic.com/steam/apps/697250/ss_b74f8aebf623c1b58f282032d30e64627081cf95.1920x1080.jpg?t=1647001837,https://cdn.akamai.steamstatic.com/steam/apps/697250/ss_48b1aba84a721be12b4f1d48ac744c0766fa2475.1920x1080.jpg?t=1647001837,https://cdn.akamai.steamstatic.com/steam/apps/697250/ss_602cd89e77b790caabc1d420c53154ca33864b5a.1920x1080.jpg?t=1647001837,https://cdn.akamai.steamstatic.com/steam/apps/697250/ss_f90eb4f3ca3ce8f23728cc607848942fb4b6be3e.1920x1080.jpg?t=1647001837,https://cdn.akamai.steamstatic.com/steam/apps/697250/ss_1a866faa48bae28aec52ad3dceb1f47264bd9e3f.1920x1080.jpg?t=1647001837","http://cdn.akamai.steamstatic.com/steam/apps/256758573/movie_max.mp4?t=1565270299,http://cdn.akamai.steamstatic.com/steam/apps/256752636/movie_max.mp4?t=1560431586,http://cdn.akamai.steamstatic.com/steam/apps/256747161/movie_max.mp4?t=1554376423,http://cdn.akamai.steamstatic.com/steam/apps/256758574/movie_max.mp4?t=1565270305,http://cdn.akamai.steamstatic.com/steam/apps/256703467/movie_max.mp4?t=1554376433"
1182830,QT,"Jan 23, 2020",0 - 20000,0,0,9.99,1,"FUN FEATURES ☀️ 3 CUTE GAMES (QT, MUSEUM and KOUEN) 🐤 1000's OF FRIENDS TO MEET · ◡ · ⭐ OVER 60 FUN ACHIEVEMENTS 🐕 SHORT-ISH WEIRD GAMES · ◡ · 🌞 A BILLION SECRETS TO UNCOVER 🎉QT ANNIVERSARY!!!🎉 Trading cards, badges and emotes now added!","['English', 'Japanese']",[],,https://cdn.akamai.steamstatic.com/steam/apps/1182830/header.jpg?t=1624524511,,https://happysnakegames.itch.io/support-page,,True,True,True,0,,0,181,6,,67,170,,0,0,0,0,Happy Snake,Happy Snake Games,"Single-player,Steam Achievements,Partial Controller Support","Adventure,Casual,Indie","Indie,Casual,Adventure,Cute,First-Person,Walking Simulator,Relaxing,Funny,Singleplayer,Comedy,Short,Nature,Wholesome","https://cdn.akamai.steamstatic.com/steam/apps/1182830/ss_426a35b0e824ef4244f7aa27f8f80ae9228f13db.1920x1080.jpg?t=1624524511,https://cdn.akamai.steamstatic.com/steam/apps/1182830/ss_7751c07bbf4bb3e24d5864dbda53e1cb424e900e.1920x1080.jpg?t=1624524511,https://cdn.akamai.steamstatic.com/steam/apps/1182830/ss_1a217045d1928d73d12baebda08c159e97d68b89.1920x1080.jpg?t=1624524511,https://cdn.akamai.steamstatic.com/steam/apps/1182830/ss_2fb52e176642fb754b9e6b5fb7f22ccac8c41802.1920x1080.jpg?t=1624524511,https://cdn.akamai.steamstatic.com/steam/apps/1182830/ss_b5f1a70b79a670b41a354ecc56533236f6893601.1920x1080.jpg?t=1624524511,https://cdn.akamai.steamstatic.com/steam/apps/1182830/ss_4263af7bdda5d91c95a41623c5310f9ba12c3d25.1920x1080.jpg?t=1624524511,https://cdn.akamai.steamstatic.com/steam/apps/1182830/ss_810042157b96b95975bef29806e4ceceb2acbc2c.1920x1080.jpg?t=1624524511,https://cdn.akamai.steamstatic.com/steam/apps/1182830/ss_c9bcdbcc1018676b667256ff6b9a7d8a290a07b2.1920x1080.jpg?t=1624524511,https://cdn.akamai.steamstatic.com/steam/apps/1182830/ss_ec18a84290118b0d76de02a2af64c680ebab33ce.1920x1080.jpg?t=1624524511,https://cdn.akamai.steamstatic.com/steam/apps/1182830/ss_e2cf058cac72434cd6b88ce97764f27b48ccd4ff.1920x1080.jpg?t=1624524511,https://cdn.akamai.steamstatic.com/steam/apps/1182830/ss_255bce258963a691798a29fe848e80f766808ff2.1920x1080.jpg?t=1624524511,https://cdn.akamai.steamstatic.com/steam/apps/1182830/ss_bd55d2aad08303d393f6ef87aaf5997df111b139.1920x1080.jpg?t=1624524511,https://cdn.akamai.steamstatic.com/steam/apps/1182830/ss_13deafa743905a5996f30c7b47311b88e5ba96a4.1920x1080.jpg?t=1624524511",http://cdn.akamai.steamstatic.com/steam/apps/256790861/movie_max.mp4?t=1593100347
